[
	{
		"inputs": [],
		"stateMutability": "nonpayable",
		"type": "constructor"
	},
	{
		"inputs": [
			{
				"internalType": "address",
				"name": "owner",
				"type": "address"
			}
		],
		"name": "OwnableInvalidOwner",
		"type": "error"
	},
	{
		"inputs": [
			{
				"internalType": "address",
				"name": "account",
				"type": "address"
			}
		],
		"name": "OwnableUnauthorizedAccount",
		"type": "error"
	},
	{
		"anonymous": false,
		"inputs": [
			{
				"indexed": true,
				"internalType": "address",
				"name": "previousOwner",
				"type": "address"
			},
			{
				"indexed": true,
				"internalType": "address",
				"name": "newOwner",
				"type": "address"
			}
		],
		"name": "OwnershipTransferred",
		"type": "event"
	},
	{
		"inputs": [
			{
				"internalType": "address",
				"name": "nodeAddress",
				"type": "address"
			},
			{
				"internalType": "string",
				"name": "name",
				"type": "string"
			},
			{
				"internalType": "string",
				"name": "description",
				"type": "string"
			},
			{
				"internalType": "string",
				"name": "url",
				"type": "string"
			},
			{
				"internalType": "bool",
				"name": "availability",
				"type": "bool"
			}
		],
		"name": "createNode",
		"outputs": [],
		"stateMutability": "nonpayable",
		"type": "function"
	},
	{
		"inputs": [],
		"name": "owner",
		"outputs": [
			{
				"internalType": "address",
				"name": "",
				"type": "address"
			}
		],
		"stateMutability": "view",
		"type": "function"
	},
	{
		"inputs": [
			{
				"internalType": "address",
				"name": "nodeAddress",
				"type": "address"
			}
		],
		"name": "queryNode",
		"outputs": [
			{
				"components": [
					{
						"internalType": "string",
						"name": "name",
						"type": "string"
					},
					{
						"internalType": "string",
						"name": "description",
						"type": "string"
					},
					{
						"internalType": "string",
						"name": "url",
						"type": "string"
					},
					{
						"internalType": "bool",
						"name": "availability",
						"type": "bool"
					},
					{
						"internalType": "address",
						"name": "creator",
						"type": "address"
					}
				],
				"internalType": "struct Registry.Node",
				"name": "",
				"type": "tuple"
			}
		],
		"stateMutability": "view",
		"type": "function"
	},
	{
		"inputs": [],
		"name": "renounceOwnership",
		"outputs": [],
		"stateMutability": "nonpayable",
		"type": "function"
	},
	{
		"inputs": [
			{
				"internalType": "address",
				"name": "newOwner",
				"type": "address"
			}
		],
		"name": "transferOwnership",
		"outputs": [],
		"stateMutability": "nonpayable",
		"type": "function"
	},
	{
		"inputs": [
			{
				"internalType": "address",
				"name": "nodeAddress",
				"type": "address"
			},
			{
				"internalType": "string",
				"name": "name",
				"type": "string"
			},
			{
				"internalType": "string",
				"name": "description",
				"type": "string"
			},
			{
				"internalType": "string",
				"name": "url",
				"type": "string"
			},
			{
				"internalType": "bool",
				"name": "availability",
				"type": "bool"
			}
		],
		"name": "updateNode",
		"outputs": [],
		"stateMutability": "nonpayable",
		"type": "function"
	}
]